landlord,address,units,violations,number,street,borough,zip
Jonathan Cohen-Silvershore Properties,"5416 4 AVENUE, BROOKLYN 11220",16,62,5416,4 AVENUE,BROOKLYN,11220
Jonathan Cohen-Silvershore Properties,"5422 4 AVENUE, BROOKLYN 11220",21,78,5422,4 AVENUE,BROOKLYN,11220
Jonathan Cohen-Silvershore Properties,"314 57 STREET, BROOKLYN 11220",17,70,314,57 STREET,BROOKLYN,11220
Jonathan Cohen-Silvershore Properties,"372 BALTIC STREET, BROOKLYN 11201",8,76,372,BALTIC STREET,BROOKLYN,11201
Jonathan Cohen-Silvershore Properties,"166 BLEECKER STREET, BROOKLYN 11221",6,41,166,BLEECKER STREET,BROOKLYN,11221
Jonathan Cohen-Silvershore Properties,"590 BUSHWICK AVENUE, BROOKLYN 11206",4,55,590,BUSHWICK AVENUE,BROOKLYN,11206
Jonathan Cohen-Silvershore Properties,"165 HOWARD AVENUE, BROOKLYN 11233",8,39,165,HOWARD AVENUE,BROOKLYN,11233
Jonathan Cohen-Silvershore Properties,"208 HOYT STREET, BROOKLYN 11217",3,9,208,HOYT STREET,BROOKLYN,11217
Jonathan Cohen-Silvershore Properties,"203 HULL STREET, BROOKLYN 11233",6,143,203,HULL STREET,BROOKLYN,11233
Jonathan Cohen-Silvershore Properties,"318 HUMBOLDT STREET, BROOKLYN 11211",7,102,318,HUMBOLDT STREET,BROOKLYN,11211
Jonathan Cohen-Silvershore Properties,"196 KINGSLAND AVENUE, BROOKLYN 11222",6,19,196,KINGSLAND AVENUE,BROOKLYN,11222
Jonathan Cohen-Silvershore Properties,"50 MAC DONOUGH STREET, BROOKLYN 11216",8,54,50,MAC DONOUGH STREET,BROOKLYN,11216
Jonathan Cohen-Silvershore Properties,"20 MENAHAN STREET, BROOKLYN 11221",6,51,20,MENAHAN STREET,BROOKLYN,11221
Jonathan Cohen-Silvershore Properties,"321 MENAHAN STREET, BROOKLYN 11237",6,23,321,MENAHAN STREET,BROOKLYN,11237
Jonathan Cohen-Silvershore Properties,"251 NASSAU AVENUE, BROOKLYN 11222",7,38,251,NASSAU AVENUE,BROOKLYN,11222
Jonathan Cohen-Silvershore Properties,"234 SCHENECTADY AVENUE, BROOKLYN 11213",6,44,234,SCHENECTADY AVENUE,BROOKLYN,11213
Jonathan Cohen-Silvershore Properties,"167 WAVERLY AVENUE, BROOKLYN 11205",8,48,167,WAVERLY AVENUE,BROOKLYN,11205
Jonathan Cohen-Silvershore Properties,"1708 SUMMERFIELD STREET, QUEENS 11385",39,116,1708,SUMMERFIELD STREET,QUEENS,11385
Jonathan Cohen-Silvershore Properties,"128 SUMPTER STREET, BROOKLYN 11233",6,22,128,SUMPTER STREET,BROOKLYN,11233
RAWLE ISAACS,"2038 MORRIS AVENUE, BRONX 10453",35,108,2038,MORRIS AVENUE,BRONX,10453
RAWLE ISAACS,"2042 MORRIS AVENUE, BRONX 10453",31,164,2042,MORRIS AVENUE,BRONX,10453
RAWLE ISAACS,"1982 WALTON AVENUE, BRONX 10453",37,212,1982,WALTON AVENUE,BRONX,10453
RAWLE ISAACS,"1892 MORRIS AVENUE, BRONX 10453",111,485,1892,MORRIS AVENUE,BRONX,10453
THOMAS STEINER,"1381 CASTLE HILL AVENUE, BRONX 10462",75,205,1381,CASTLE HILL AVENUE,BRONX,10462
THOMAS STEINER,"2001 NEWBOLD AVENUE, BRONX 10462",105,294,2001,NEWBOLD AVENUE,BRONX,10462
THOMAS STEINER,"1245 STRATFORD AVENUE, BRONX 10472",70,169,1245,STRATFORD AVENUE,BRONX,10472
THOMAS STEINER,"1255 STRATFORD AVENUE, BRONX 10472",70,175,1255,STRATFORD AVENUE,BRONX,10472
BRUCE HALEY,"748 9 AVENUE, MANHATTAN 10019",13,49,748,9 AVENUE,MANHATTAN,10019
BRUCE HALEY,"734 AMSTERDAM AVENUE, MANHATTAN 10025",8,37,734,AMSTERDAM AVENUE,MANHATTAN,10025
BRUCE HALEY,"3661 BROADWAY, MANHATTAN 10031",57,276,3661,BROADWAY,MANHATTAN,10031
BRUCE HALEY,"472 COLUMBUS AVENUE, MANHATTAN 10024",12,77,472,COLUMBUS AVENUE,MANHATTAN,10024
BRUCE HALEY,"476 COLUMBUS AVENUE, MANHATTAN 10024",10,99,476,COLUMBUS AVENUE,MANHATTAN,10024
BRUCE HALEY,"1341 ST NICHOLAS AVENUE, MANHATTAN 10033",33,127,1341,ST NICHOLAS AVENUE,MANHATTAN,10033
BRUCE HALEY,"324 WEST 43 STREET, MANHATTAN 10036",20,85,324,WEST 43 STREET,MANHATTAN,10036
BRUCE HALEY,"353 WEST 51 STREET, MANHATTAN 10019",17,76,353,WEST 51 STREET,MANHATTAN,10019
ERIC SILVERSTEIN,"2005 ALBEMARLE ROAD, BROOKLYN 11226",54,232,2005,ALBEMARLE ROAD,BROOKLYN,11226
ERIC SILVERSTEIN,"261 LENOX ROAD, BROOKLYN 11226",120,286,261,LENOX ROAD,BROOKLYN,11226
ERIC SILVERSTEIN,"250 PARKVILLE AVENUE, BROOKLYN 11230",63,221,250,PARKVILLE AVENUE,BROOKLYN,11230
ADAM STRYKER,"480 CONVENT AVENUE, MANHATTAN 10031",15,76,480,CONVENT AVENUE,MANHATTAN,10031
ADAM STRYKER,"19 EAST 128 STREET, MANHATTAN 10035",25,105,19,EAST 128 STREET,MANHATTAN,10035
ADAM STRYKER,"535 EDGECOMBE AVENUE, MANHATTAN 10032",21,96,535,EDGECOMBE AVENUE,MANHATTAN,10032
ADAM STRYKER,"293 PLEASANT AVENUE, MANHATTAN 10029",10,49,293,PLEASANT AVENUE,MANHATTAN,10029
ADAM STRYKER,"611 WEST 152 STREET, MANHATTAN 10031",22,78,611,WEST 152 STREET,MANHATTAN,10031
ADAM STRYKER,"2372 ARTHUR AVENUE, BRONX 10458",12,47,2372,ARTHUR AVENUE,BRONX,10458
ADAM STRYKER,"2405 BEAUMONT AVENUE, BRONX 10458",9,33,2405,BEAUMONT AVENUE,BRONX,10458
ADAM STRYKER,"643 COSTER STREET, BRONX 10474",8,29,643,COSTER STREET,BRONX,10474
ADAM STRYKER,"2550 CRESTON AVENUE, BRONX 10468",11,67,2550,CRESTON AVENUE,BRONX,10468
ADAM STRYKER,"616 EAST 187 STREET, BRONX 10458",13,62,616,EAST 187 STREET,BRONX,10458
ADAM STRYKER,"150 WEST 197 STREET, BRONX 10468",31,92,150,WEST 197 STREET,BRONX,10468
JOEL GOLDSTEIN,"2247 ADAM C POWELL BOULEVARD, MANHATTAN 10027",8,32,2247,ADAM C POWELL BOULEVARD,MANHATTAN,10027
JOEL GOLDSTEIN,"2300 ADAM C POWELL BOULEVARD, MANHATTAN 10030",8,39,2300,ADAM C POWELL BOULEVARD,MANHATTAN,10030
JOEL GOLDSTEIN,"3604 BROADWAY, MANHATTAN 10031",10,35,3604,BROADWAY,MANHATTAN,10031
JOEL GOLDSTEIN,"655 WEST 160 STREET, MANHATTAN 10032",43,89,655,WEST 160 STREET,MANHATTAN,10032
JOEL GOLDSTEIN,"293 HOOPER STREET, BROOKLYN 11211",35,111,293,HOOPER STREET,BROOKLYN,11211
JOEL GOLDSTEIN,"386 SOUTH 5 STREET, BROOKLYN 11211",35,125,386,SOUTH 5 STREET,BROOKLYN,11211
JOEL GOLDSTEIN,"2234 7 AVENUE, MANHATTAN 10027",4,13,2234,7 AVENUE,MANHATTAN,10027
JOEL GOLDSTEIN,"2238 7 AVENUE, MANHATTAN 10027",4,29,2238,7 AVENUE,MANHATTAN,10027
JOEL GOLDSTEIN,"224 WEST 116 STREET, MANHATTAN 10026",10,49,224,WEST 116 STREET,MANHATTAN,10026
JOEL GOLDSTEIN,"356 WEST 145 STREET, MANHATTAN 10031",52,199,356,WEST 145 STREET,MANHATTAN,10031
MEIR FRIED,"516 BAINBRIDGE STREET, BROOKLYN 11233",6,38,516,BAINBRIDGE STREET,BROOKLYN,11233
MEIR FRIED,"446 BERRIMAN STREET, BROOKLYN 11208",9,63,446,BERRIMAN STREET,BROOKLYN,11208
MEIR FRIED,"121 BOERUM STREET, BROOKLYN 11206",5,54,121,BOERUM STREET,BROOKLYN,11206
MEIR FRIED,"1449 BUSHWICK AVENUE, BROOKLYN 11207",6,44,1449,BUSHWICK AVENUE,BROOKLYN,11207
MEIR FRIED,"505 EAST 22 STREET, BROOKLYN 11226",14,65,505,EAST 22 STREET,BROOKLYN,11226
MEIR FRIED,"791 HART STREET, BROOKLYN 11237",6,55,791,HART STREET,BROOKLYN,11237
MEIR FRIED,"382 MONTGOMERY STREET, BROOKLYN 11225",8,22,382,MONTGOMERY STREET,BROOKLYN,11225
MEIR FRIED,"1062 ROGERS AVENUE, BROOKLYN 11226",6,30,1062,ROGERS AVENUE,BROOKLYN,11226
MEIR FRIED,"784 ST JOHNS PLACE, BROOKLYN 11216",8,24,784,ST JOHNS PLACE,BROOKLYN,11216
MEIR FRIED,"1631 ST MARKS AVENUE, BROOKLYN 11233",8,40,1631,ST MARKS AVENUE,BROOKLYN,11233
MEIR FRIED,"66 STEUBEN STREET, BROOKLYN 11205",6,23,66,STEUBEN STREET,BROOKLYN,11205
MEIR FRIED,"191 SUMPTER STREET, BROOKLYN 11233",8,41,191,SUMPTER STREET,BROOKLYN,11233
MEIR FRIED,"129 TAPSCOTT STREET, BROOKLYN 11212",7,34,129,TAPSCOTT STREET,BROOKLYN,11212
MEIR FRIED,"55 TEN EYCK STREET, BROOKLYN 11206",6,56,55,TEN EYCK STREET,BROOKLYN,11206
MEIR FRIED,"2850 WEST 36 STREET, BROOKLYN 11224",6,18,2850,WEST 36 STREET,BROOKLYN,11224
MEIR FRIED,"1164 WILLMOHR STREET, BROOKLYN 11212",3,26,1164,WILLMOHR STREET,BROOKLYN,11212
MEIR FRIED,"170 WOODRUFF AVENUE, BROOKLYN 11226",13,57,170,WOODRUFF AVENUE,BROOKLYN,11226
MEIR FRIED,"1645 SUMMERFIELD STREET, QUEENS 11385",6,28,1645,SUMMERFIELD STREET,QUEENS,11385
MARK TRESS,"400 WEST 57 STREET, MANHATTAN 10019",20,650,400,WEST 57 STREET,MANHATTAN,10019
ROBERT KASZOVITZ,"1165 GERARD AVENUE, BRONX 10452",43,97,1165,GERARD AVENUE,BRONX,10452
ROBERT KASZOVITZ,"1183 GERARD AVENUE, BRONX 10452",54,148,1183,GERARD AVENUE,BRONX,10452
ROBERT KASZOVITZ,"1872 MONROE AVENUE, BRONX 10457",44,118,1872,MONROE AVENUE,BRONX,10457
ROBERT KASZOVITZ,"2000 PROSPECT AVENUE, BRONX 10457",66,234,2000,PROSPECT AVENUE,BRONX,10457
RUBIN DUKLER,"1018 EASTERN PARKWAY, BROOKLYN 11213",34,257,1018,EASTERN PARKWAY,BROOKLYN,11213
RUBIN DUKLER,"1392 STERLING PLACE, BROOKLYN 11213",23,154,1392,STERLING PLACE,BROOKLYN,11213
RUBIN DUKLER,"1460 STERLING PLACE, BROOKLYN 11213",36,173,1460,STERLING PLACE,BROOKLYN,11213
DEODAT LOWTAN,"206 BLEECKER STREET, BROOKLYN 11237",6,30,206,BLEECKER STREET,BROOKLYN,11237
DEODAT LOWTAN,"242 CENTRAL AVENUE, BROOKLYN 11221",5,28,242,CENTRAL AVENUE,BROOKLYN,11221
DEODAT LOWTAN,"293 HARMAN STREET, BROOKLYN 11237",6,43,293,HARMAN STREET,BROOKLYN,11237
DEODAT LOWTAN,"834 HART STREET, BROOKLYN 11237",6,37,834,HART STREET,BROOKLYN,11237
DEODAT LOWTAN,"930 HART STREET, BROOKLYN 11237",6,59,930,HART STREET,BROOKLYN,11237
DEODAT LOWTAN,"237 HIMROD STREET, BROOKLYN 11237",5,43,237,HIMROD STREET,BROOKLYN,11237
DEODAT LOWTAN,"184 IRVING AVENUE, BROOKLYN 11237",5,54,184,IRVING AVENUE,BROOKLYN,11237
DEODAT LOWTAN,"165 STANHOPE STREET, BROOKLYN 11237",6,29,165,STANHOPE STREET,BROOKLYN,11237
DEODAT LOWTAN,"187 STANHOPE STREET, BROOKLYN 11237",6,20,187,STANHOPE STREET,BROOKLYN,11237
DEODAT LOWTAN,"315 STANHOPE STREET, BROOKLYN 11237",6,83,315,STANHOPE STREET,BROOKLYN,11237
DEODAT LOWTAN,"336 STARR STREET, BROOKLYN 11237",6,40,336,STARR STREET,BROOKLYN,11237
DEODAT LOWTAN,"166 WILSON AVENUE, BROOKLYN 11237",6,39,166,WILSON AVENUE,BROOKLYN,11237
DEODAT LOWTAN,"48 WYCKOFF AVENUE, BROOKLYN 11237",5,25,48,WYCKOFF AVENUE,BROOKLYN,11237
DEODAT LOWTAN,"62 WYCKOFF AVENUE, BROOKLYN 11237",6,35,62,WYCKOFF AVENUE,BROOKLYN,11237
MICHAEL LAZAROFF,"100 BELMONT PLACE, STATEN ISLAND 10301",56,289,100,BELMONT PLACE,STATEN ISLAND,10301
MICHAEL LAZAROFF,"101 DANIEL LOW TERRACE, STATEN ISLAND 10301",56,272,101,DANIEL LOW TERRACE,STATEN ISLAND,10301
ERVIN JOHNSON,"346 EAST 9 STREET, BROOKLYN 11218",4,34,346,EAST 9 STREET,BROOKLYN,11218
ERVIN JOHNSON,"401 MACON STREET, BROOKLYN 11233",16,357,401,MACON STREET,BROOKLYN,11233
ERVIN JOHNSON,"1596 PACIFIC STREET, BROOKLYN 11213",8,31,1596,PACIFIC STREET,BROOKLYN,11213
ERVIN JOHNSON,"2836 WEST 19 STREET, BROOKLYN 11224",4,135,2836,WEST 19 STREET,BROOKLYN,11224
SETH MILLER,"919 PROSPECT AVENUE, BRONX 10459",37,293,919,PROSPECT AVENUE,BRONX,10459
SETH MILLER,"932 THOMAS S BOYLAND STREET, BROOKLYN 11212",5,72,932,THOMAS S BOYLAND STREET,BROOKLYN,11212
SETH MILLER,"926 PROSPECT PLACE, BROOKLYN 11213",8,35,926,PROSPECT PLACE,BROOKLYN,11213
SETH MILLER,"930 PROSPECT PLACE, BROOKLYN 11213",16,90,930,PROSPECT PLACE,BROOKLYN,11213
SETH MILLER,"940 PROSPECT PLACE, BROOKLYN 11213",16,66,940,PROSPECT PLACE,BROOKLYN,11213
MARTIN BAUMRIND,"520 WEST 47 STREET, MANHATTAN 10036",10,46,520,WEST 47 STREET,MANHATTAN,10036
MARTIN BAUMRIND,"522 WEST 47 STREET, MANHATTAN 10036",10,73,522,WEST 47 STREET,MANHATTAN,10036
MARTIN BAUMRIND,"524 WEST 47 STREET, MANHATTAN 10036",10,74,524,WEST 47 STREET,MANHATTAN,10036
MARTIN BAUMRIND,"526 WEST 47 STREET, MANHATTAN 10036",10,85,526,WEST 47 STREET,MANHATTAN,10036
MARTIN BAUMRIND,"256 WEST 93 STREET, MANHATTAN 10025",8,32,256,WEST 93 STREET,MANHATTAN,10025
MARTIN BAUMRIND,"201 CLINTON STREET, BROOKLYN 11201",4,31,201,CLINTON STREET,BROOKLYN,11201
MARTIN BAUMRIND,"190 PACIFIC STREET, BROOKLYN 11201",3,37,190,PACIFIC STREET,BROOKLYN,11201
MARTIN BAUMRIND,"440 ST JOHNS PLACE, BROOKLYN 11238",16,76,440,ST JOHNS PLACE,BROOKLYN,11238
MARTIN BAUMRIND,"286 WARREN STREET, BROOKLYN 11201",8,35,286,WARREN STREET,BROOKLYN,11201
MARTIN BAUMRIND,"186 AMITY STREET, BROOKLYN 11201",10,62,186,AMITY STREET,BROOKLYN,11201
GETZ OBSTFELD,"366 58 STREET, BROOKLYN 11220",15,83,366,58 STREET,BROOKLYN,11220
GETZ OBSTFELD,"8757 BAY 16 STREET, BROOKLYN 11214",16,73,8757,BAY 16 STREET,BROOKLYN,11214
GETZ OBSTFELD,"8224 BAY PARKWAY, BROOKLYN 11214",53,184,8224,BAY PARKWAY,BROOKLYN,11214
GETZ OBSTFELD,"934 CARROLL STREET, BROOKLYN 11225",59,130,934,CARROLL STREET,BROOKLYN,11225
GETZ OBSTFELD,"1501 EAST 10 STREET, BROOKLYN 11230",20,77,1501,EAST 10 STREET,BROOKLYN,11230
UZY STEIN,"431 REMSEN AVENUE, BROOKLYN 11212",9,44,431,REMSEN AVENUE,BROOKLYN,11212
UZY STEIN,"245 SULLIVAN PLACE, BROOKLYN 11225",40,499,245,SULLIVAN PLACE,BROOKLYN,11225
RICHARD NUSSBAUM,"495 WEST 186 STREET, MANHATTAN 10033",60,225,495,WEST 186 STREET,MANHATTAN,10033
RICHARD NUSSBAUM,"99 MARBLE HILL AVENUE, MANHATTAN 10463",56,303,99,MARBLE HILL AVENUE,MANHATTAN,10463
YOSEF EMERGI,"509 DEAN STREET, BROOKLYN 11217",8,55,509,DEAN STREET,BROOKLYN,11217
YOSEF EMERGI,"530 KOSCIUSZKO STREET, BROOKLYN 11221",3,60,530,KOSCIUSZKO STREET,BROOKLYN,11221
YOSEF EMERGI,"827 MONROE STREET, BROOKLYN 11221",4,48,827,MONROE STREET,BROOKLYN,11221
YOSEF EMERGI,"645 NEW JERSEY AVENUE, BROOKLYN 11207",6,91,645,NEW JERSEY AVENUE,BROOKLYN,11207
YOSEF EMERGI,"140 PALMETTO STREET, BROOKLYN 11221",6,49,140,PALMETTO STREET,BROOKLYN,11221
YOSEF EMERGI,"1299 PUTNAM AVENUE, BROOKLYN 11221",6,59,1299,PUTNAM AVENUE,BROOKLYN,11221
YOSEF EMERGI,"1366 PUTNAM AVENUE, BROOKLYN 11221",6,61,1366,PUTNAM AVENUE,BROOKLYN,11221
YOSEF EMERGI,"84 SOMERS STREET, BROOKLYN 11233",4,39,84,SOMERS STREET,BROOKLYN,11233
YOSEF EMERGI,"214 VAN BUREN STREET, BROOKLYN 11221",3,66,214,VAN BUREN STREET,BROOKLYN,11221
ISKYO ARONOV,"41 BRUCKNER BOULEVARD, BRONX 10454",3,31,41,BRUCKNER BOULEVARD,BRONX,10454
ISKYO ARONOV,"980 DE KALB AVENUE, BROOKLYN 11221",3,51,980,DE KALB AVENUE,BROOKLYN,11221
ISKYO ARONOV,"703 GREENE AVENUE, BROOKLYN 11221",4,12,703,GREENE AVENUE,BROOKLYN,11221
ISKYO ARONOV,"391 MONTAUK AVENUE, BROOKLYN 11208",3,117,391,MONTAUK AVENUE,BROOKLYN,11208
ISKYO ARONOV,"123 PULASKI STREET, BROOKLYN 11206",3,48,123,PULASKI STREET,BROOKLYN,11206
ISKYO ARONOV,"125 PULASKI STREET, BROOKLYN 11206",4,81,125,PULASKI STREET,BROOKLYN,11206
ISKYO ARONOV,"533 QUINCY STREET, BROOKLYN 11221",6,29,533,QUINCY STREET,BROOKLYN,11221
ISKYO ARONOV,"6 SPENCER PLACE, BROOKLYN 11216",7,52,6,SPENCER PLACE,BROOKLYN,11216
ISKYO ARONOV,"492 WARREN STREET, BROOKLYN 11217",4,26,492,WARREN STREET,BROOKLYN,11217
ISKYO ARONOV,"181 SCHAEFER STREET, BROOKLYN 11207",3,79,181,SCHAEFER STREET,BROOKLYN,11207
JOEL ROLNITZKY,"658 ASHFORD STREET, BROOKLYN 11207",4,160,658,ASHFORD STREET,BROOKLYN,11207
JOEL ROLNITZKY,"727 DE KALB AVENUE, BROOKLYN 11216",3,66,727,DE KALB AVENUE,BROOKLYN,11216
JOEL ROLNITZKY,"425 JEROME STREET, BROOKLYN 11207",4,171,425,JEROME STREET,BROOKLYN,11207
JOEL ROLNITZKY,"180 PULASKI STREET, BROOKLYN 11206",3,96,180,PULASKI STREET,BROOKLYN,11206
JOEL ROLNITZKY,"143 ROCKAWAY PARKWAY, BROOKLYN 11212",6,24,143,ROCKAWAY PARKWAY,BROOKLYN,11212
ARI FRIEDMAN,"610 BEECH TERRACE, BRONX 10454",3,28,610,BEECH TERRACE,BRONX,10454
ARI FRIEDMAN,"614 BEECH TERRACE, BRONX 10454",3,42,614,BEECH TERRACE,BRONX,10454
ARI FRIEDMAN,"289 BONNER PLACE, BRONX 10456",9,95,289,BONNER PLACE,BRONX,10456
ARI FRIEDMAN,"454 EAST 134 STREET, BRONX 10454",11,97,454,EAST 134 STREET,BRONX,10454
ARI FRIEDMAN,"931 EAST 213 STREET, BRONX 10469",3,17,931,EAST 213 STREET,BRONX,10469
ARI FRIEDMAN,"1019 EAST GUN HILL ROAD, BRONX 10469",3,9,1019,EAST GUN HILL ROAD,BRONX,10469
ARI FRIEDMAN,"910 GERARD AVENUE, BRONX 10452",6,74,910,GERARD AVENUE,BRONX,10452
ARI FRIEDMAN,"918 GERARD AVENUE, BRONX 10452",7,30,918,GERARD AVENUE,BRONX,10452
ARI FRIEDMAN,"928 GERARD AVENUE, BRONX 10452",7,32,928,GERARD AVENUE,BRONX,10452
ARI FRIEDMAN,"3756 OLINVILLE AVENUE, BRONX 10467",5,74,3756,OLINVILLE AVENUE,BRONX,10467
ARI FRIEDMAN,"117 EAST 95 STREET, BROOKLYN 11212",4,18,117,EAST 95 STREET,BROOKLYN,11212
ISAAC SCHWARTZ,"2713 BEVERLY ROAD, BROOKLYN 11226",12,77,2713,BEVERLY ROAD,BROOKLYN,11226
ISAAC SCHWARTZ,"2724 FARRAGUT ROAD, BROOKLYN 11210",9,47,2724,FARRAGUT ROAD,BROOKLYN,11210
ISAAC SCHWARTZ,"880 GATES AVENUE, BROOKLYN 11221",8,79,880,GATES AVENUE,BROOKLYN,11221
ISAAC SCHWARTZ,"820 LINDEN BOULEVARD, BROOKLYN 11203",19,82,820,LINDEN BOULEVARD,BROOKLYN,11203
ISAAC SCHWARTZ,"407 MONTAUK AVENUE, BROOKLYN 11208",11,53,407,MONTAUK AVENUE,BROOKLYN,11208
ISAAC SCHWARTZ,"1526 PACIFIC STREET, BROOKLYN 11213",8,49,1526,PACIFIC STREET,BROOKLYN,11213
ISAAC SCHWARTZ,"1803 PITKIN AVENUE, BROOKLYN 11212",24,73,1803,PITKIN AVENUE,BROOKLYN,11212
ISAAC SCHWARTZ,"1821 PITKIN AVENUE, BROOKLYN 11212",19,50,1821,PITKIN AVENUE,BROOKLYN,11212
ROBERT KAYDANIAN,"767 HART STREET, BROOKLYN 11237",6,62,767,HART STREET,BROOKLYN,11237
ROBERT KAYDANIAN,"719 HENRY STREET, BROOKLYN 11231",8,82,719,HENRY STREET,BROOKLYN,11231
ROBERT KAYDANIAN,"46 LINDEN BOULEVARD, BROOKLYN 11226",16,70,46,LINDEN BOULEVARD,BROOKLYN,11226
ROBERT KAYDANIAN,"50 LINDEN BOULEVARD, BROOKLYN 11226",16,132,50,LINDEN BOULEVARD,BROOKLYN,11226
ROBERT KAYDANIAN,"54 LINDEN BOULEVARD, BROOKLYN 11226",16,85,54,LINDEN BOULEVARD,BROOKLYN,11226
ROBERT KAYDANIAN,"285 MAC DONOUGH STREET, BROOKLYN 11233",7,23,285,MAC DONOUGH STREET,BROOKLYN,11233
ROBERT KAYDANIAN,"238 WYCKOFF AVENUE, BROOKLYN 11237",4,24,238,WYCKOFF AVENUE,BROOKLYN,11237
ROBERT KAYDANIAN,"359 EAST 146 STREET, BRONX 10451",6,27,359,EAST 146 STREET,BRONX,10451
KAMRAN HAKIM,"1205 1 AVENUE, MANHATTAN 10065",16,145,1205,1 AVENUE,MANHATTAN,10065
KAMRAN HAKIM,"1207 1 AVENUE, MANHATTAN 10065",18,61,1207,1 AVENUE,MANHATTAN,10065
KAMRAN HAKIM,"1209 1 AVENUE, MANHATTAN 10065",18,182,1209,1 AVENUE,MANHATTAN,10065
KAMRAN HAKIM,"1211 1 AVENUE, MANHATTAN 10065",17,95,1211,1 AVENUE,MANHATTAN,10065
HAMID KHAN,"2701 BROADWAY, MANHATTAN 10025",57,154,2701,BROADWAY,MANHATTAN,10025
HAMID KHAN,"2709 BROADWAY, MANHATTAN 10025",30,165,2709,BROADWAY,MANHATTAN,10025
HAMID KHAN,"520 WEST 136 STREET, MANHATTAN 10031",36,161,520,WEST 136 STREET,MANHATTAN,10031
EPHRAIM LANDAU,"820 EAST 10 STREET, BROOKLYN 11230",54,146,820,EAST 10 STREET,BROOKLYN,11230
EPHRAIM LANDAU,"1773 EAST 12 STREET, BROOKLYN 11229",59,134,1773,EAST 12 STREET,BROOKLYN,11229
EPHRAIM LANDAU,"2626 KINGS HIGHWAY, BROOKLYN 11229",47,193,2626,KINGS HIGHWAY,BROOKLYN,11229
SOLOMON GOTTLIEB,"1741 1 AVENUE, MANHATTAN 10128",16,63,1741,1 AVENUE,MANHATTAN,10128
SOLOMON GOTTLIEB,"2500 ADAM C POWELL BOULEVARD, MANHATTAN 10039",20,113,2500,ADAM C POWELL BOULEVARD,MANHATTAN,10039
SOLOMON GOTTLIEB,"2504 ADAM C POWELL BOULEVARD, MANHATTAN 10039",23,77,2504,ADAM C POWELL BOULEVARD,MANHATTAN,10039
SOLOMON GOTTLIEB,"1709 AMSTERDAM AVENUE, MANHATTAN 10031",16,72,1709,AMSTERDAM AVENUE,MANHATTAN,10031
SOLOMON GOTTLIEB,"589 RIVERSIDE DRIVE, MANHATTAN 10031",39,140,589,RIVERSIDE DRIVE,MANHATTAN,10031
ZEV SALOMON,"797 EAST 142 STREET, BRONX 10454",21,74,797,EAST 142 STREET,BRONX,10454
ZEV SALOMON,"371 EAST 165 STREET, BRONX 10456",21,111,371,EAST 165 STREET,BRONX,10456
ZEV SALOMON,"1255 LONGFELLOW AVENUE, BRONX 10459",20,67,1255,LONGFELLOW AVENUE,BRONX,10459
ZEV SALOMON,"2048 MAPES AVENUE, BRONX 10460",13,57,2048,MAPES AVENUE,BRONX,10460
ZEV SALOMON,"2342 RYER AVENUE, BRONX 10458",31,155,2342,RYER AVENUE,BRONX,10458
FREDDIE ELLIS,"254 MANHATTAN AVENUE, MANHATTAN 10026",25,174,254,MANHATTAN AVENUE,MANHATTAN,10026
FREDDIE ELLIS,"1647 PARK PLACE, BROOKLYN 11233",6,41,1647,PARK PLACE,BROOKLYN,11233
FREDDIE ELLIS,"91 RIVERDALE AVENUE, BROOKLYN 11212",27,137,91,RIVERDALE AVENUE,BROOKLYN,11212
FREDDIE ELLIS,"515 VERMONT STREET, BROOKLYN 11207",5,21,515,VERMONT STREET,BROOKLYN,11207
FREDDIE ELLIS,"476 WYONA STREET, BROOKLYN 11207",5,59,476,WYONA STREET,BROOKLYN,11207
CHAIM GOLDBERGER,"556 LAFAYETTE AVENUE, BROOKLYN 11205",8,56,556,LAFAYETTE AVENUE,BROOKLYN,11205
CHAIM GOLDBERGER,"180 NOLL STREET, BROOKLYN 11237",3,25,180,NOLL STREET,BROOKLYN,11237
CHAIM GOLDBERGER,"1353 PACIFIC STREET, BROOKLYN 11216",8,80,1353,PACIFIC STREET,BROOKLYN,11216
CHAIM GOLDBERGER,"237 MARCUS GARVEY BOULEVARD, BROOKLYN 11221",6,65,237,MARCUS GARVEY BOULEVARD,BROOKLYN,11221
CHAIM GOLDBERGER,"239 TROY AVENUE, BROOKLYN 11213",10,167,239,TROY AVENUE,BROOKLYN,11213
CHAIM GOLDBERGER,"1054 WILLOUGHBY AVENUE, BROOKLYN 11221",6,27,1054,WILLOUGHBY AVENUE,BROOKLYN,11221
JASON GREEN,"35 VERMILYEA AVENUE, MANHATTAN 10034",26,116,35,VERMILYEA AVENUE,MANHATTAN,10034
JASON GREEN,"636 WEST 138 STREET, MANHATTAN 10031",21,112,636,WEST 138 STREET,MANHATTAN,10031
JASON GREEN,"2110 ARTHUR AVENUE, BRONX 10457",27,149,2110,ARTHUR AVENUE,BRONX,10457
JASON GREEN,"510 MORGAN AVENUE, BROOKLYN 11222",8,38,510,MORGAN AVENUE,BROOKLYN,11222
CHERYL IGHODARO,"2206 FULTON STREET, BROOKLYN 11233",3,25,2206,FULTON STREET,BROOKLYN,11233
CHERYL IGHODARO,"516 HEGEMAN AVENUE, BROOKLYN 11207",6,23,516,HEGEMAN AVENUE,BROOKLYN,11207
CHERYL IGHODARO,"147 HULL STREET, BROOKLYN 11233",5,19,147,HULL STREET,BROOKLYN,11233
CHERYL IGHODARO,"450 MADISON STREET, BROOKLYN 11221",6,71,450,MADISON STREET,BROOKLYN,11221
CHERYL IGHODARO,"343 MARION STREET, BROOKLYN 11233",3,8,343,MARION STREET,BROOKLYN,11233
CHERYL IGHODARO,"214 MAC DOUGAL STREET, BROOKLYN 11233",20,119,214,MAC DOUGAL STREET,BROOKLYN,11233
CHERYL IGHODARO,"276 MAC DOUGAL STREET, BROOKLYN 11233",3,12,276,MAC DOUGAL STREET,BROOKLYN,11233
CHERYL IGHODARO,"655 MILLER AVENUE, BROOKLYN 11207",5,65,655,MILLER AVENUE,BROOKLYN,11207
CHERYL IGHODARO,"543 SHEFFIELD AVENUE, BROOKLYN 11207",6,23,543,SHEFFIELD AVENUE,BROOKLYN,11207
CHERYL IGHODARO,"677 SHEFFIELD AVENUE, BROOKLYN 11207",3,15,677,SHEFFIELD AVENUE,BROOKLYN,11207
CHERYL IGHODARO,"195 SUMPTER STREET, BROOKLYN 11233",8,33,195,SUMPTER STREET,BROOKLYN,11233
HENRY CAMUSO,"463 AVENUE P, BROOKLYN 11223",12,50,463,AVENUE P,BROOKLYN,11223
HENRY CAMUSO,"2322 BEDFORD AVENUE, BROOKLYN 11226",6,71,2322,BEDFORD AVENUE,BROOKLYN,11226
HENRY CAMUSO,"1620 EAST 12 STREET, BROOKLYN 11229",16,102,1620,EAST 12 STREET,BROOKLYN,11229
HENRY CAMUSO,"90 EAST 18 STREET, BROOKLYN 11226",19,79,90,EAST 18 STREET,BROOKLYN,11226
HENRY CAMUSO,"369 EAST 21 STREET, BROOKLYN 11226",5,39,369,EAST 21 STREET,BROOKLYN,11226
HENRY CAMUSO,"2112 REGENT PLACE, BROOKLYN 11226",6,68,2112,REGENT PLACE,BROOKLYN,11226
ELI MAOR,"813 CHESTNUT STREET, BRONX 10467",3,14,813,CHESTNUT STREET,BRONX,10467
ELI MAOR,"857 LAFAYETTE AVENUE, BROOKLYN 11221",3,107,857,LAFAYETTE AVENUE,BROOKLYN,11221
ELI MAOR,"370 NEW JERSEY AVENUE, BROOKLYN 11207",3,21,370,NEW JERSEY AVENUE,BROOKLYN,11207
ELI MAOR,"319 NOSTRAND AVENUE, BROOKLYN 11216",4,97,319,NOSTRAND AVENUE,BROOKLYN,11216
ELI MAOR,"569 NOSTRAND AVENUE, BROOKLYN 11216",4,21,569,NOSTRAND AVENUE,BROOKLYN,11216
ELI MAOR,"2256 PACIFIC STREET, BROOKLYN 11233",3,9,2256,PACIFIC STREET,BROOKLYN,11233
ELI MAOR,"9 PLEASANT PLACE, BROOKLYN 11233",3,93,9,PLEASANT PLACE,BROOKLYN,11233
ELI MAOR,"946 REV JAMES POLITE AVENUE, BRONX 10459",3,24,946,REV JAMES POLITE AVENUE,BRONX,10459
ELI MAOR,"944 REV JAMES A POLITE AVENUE, BRONX 10459",3,15,944,REV JAMES A POLITE AVENUE,BRONX,10459
GERALD ZIERING,"361 AUDUBON AVENUE, MANHATTAN 10033",40,105,361,AUDUBON AVENUE,MANHATTAN,10033
GERALD ZIERING,"109 EAST 153 STREET, BRONX 10451",60,179,109,EAST 153 STREET,BRONX,10451
GERALD ZIERING,"770 EAST 221 STREET, BRONX 10467",43,114,770,EAST 221 STREET,BRONX,10467
NASIR SASOUNESS,"1465 AMSTERDAM AVENUE, MANHATTAN 10027",14,81,1465,AMSTERDAM AVENUE,MANHATTAN,10027
NASIR SASOUNESS,"1516 AMSTERDAM AVENUE, MANHATTAN 10031",20,127,1516,AMSTERDAM AVENUE,MANHATTAN,10031
NASIR SASOUNESS,"531 EAST 5 STREET, MANHATTAN 10009",8,93,531,EAST 5 STREET,MANHATTAN,10009
NASIR SASOUNESS,"209 EAST 116 STREET, MANHATTAN 10029",18,96,209,EAST 116 STREET,MANHATTAN,10029
RONALD SWARTZ,"517 EAST 83 STREET, MANHATTAN 10028",15,138,517,EAST 83 STREET,MANHATTAN,10028
RONALD SWARTZ,"34-01 28 AVENUE, QUEENS 11103",41,157,34-01,28 AVENUE,QUEENS,11103
RONALD SWARTZ,"47-02 88 STREET, QUEENS 11373",29,98,47-02,88 STREET,QUEENS,11373
EUGENE CUNDELAN,"509 WEST 134 STREET, MANHATTAN 10031",19,83,509,WEST 134 STREET,MANHATTAN,10031
EUGENE CUNDELAN,"524 WEST 134 STREET, MANHATTAN 10031",24,196,524,WEST 134 STREET,MANHATTAN,10031
EUGENE CUNDELAN,"523 WEST 138 STREET, MANHATTAN 10031",20,108,523,WEST 138 STREET,MANHATTAN,10031
EZRA BENNETT,"3624 BROADWAY, MANHATTAN 10031",39,165,3624,BROADWAY,MANHATTAN,10031
EZRA BENNETT,"414 EAST 71 STREET, MANHATTAN 10021",8,55,414,EAST 71 STREET,MANHATTAN,10021
EZRA BENNETT,"4 ST NICHOLAS TERRACE, MANHATTAN 10027",10,78,4,ST NICHOLAS TERRACE,MANHATTAN,10027
EZRA BENNETT,"529 WEST 151 STREET, MANHATTAN 10031",20,85,529,WEST 151 STREET,MANHATTAN,10031
HILLDISDE HOUSE MANAGEMENT CO,"87-40 165 STREET, QUEENS 11432",119,383,87-40,165 STREET,QUEENS,11432
GIL BROITMAN,"900A EAST 213 STREET, BRONX 10469",4,38,900A,EAST 213 STREET,BRONX,10469
GIL BROITMAN,"1807 PHELAN PLACE, BRONX 10453",5,342,1807,PHELAN PLACE,BRONX,10453
AVRAHAM TARSHISH,"280 MARION STREET, BROOKLYN 11233",3,23,280,MARION STREET,BROOKLYN,11233
AVRAHAM TARSHISH,"230 SCHENECTADY AVENUE, BROOKLYN 11213",6,176,230,SCHENECTADY AVENUE,BROOKLYN,11213
AVRAHAM TARSHISH,"232 SCHENECTADY AVENUE, BROOKLYN 11213",6,153,232,SCHENECTADY AVENUE,BROOKLYN,11213
AVRAHAM TARSHISH,"354 STUYVESANT AVENUE, BROOKLYN 11233",3,25,354,STUYVESANT AVENUE,BROOKLYN,11233
LEWIS BARBANEL,"3856 BROADWAY, MANHATTAN 10032",40,115,3856,BROADWAY,MANHATTAN,10032
LEWIS BARBANEL,"66 VERMILYEA AVENUE, MANHATTAN 10034",40,167,66,VERMILYEA AVENUE,MANHATTAN,10034
LEWIS BARBANEL,"288 MAPLE STREET, BROOKLYN 11225",35,95,288,MAPLE STREET,BROOKLYN,11225
MALINA NEALIS,"95 CLAY STREET, BROOKLYN 11222",8,121,95,CLAY STREET,BROOKLYN,11222
MALINA NEALIS,"86 EAGLE STREET, BROOKLYN 11222",3,39,86,EAGLE STREET,BROOKLYN,11222
MALINA NEALIS,"133 FRANKLIN STREET, BROOKLYN 11222",24,143,133,FRANKLIN STREET,BROOKLYN,11222
MALINA NEALIS,"156 INDIA STREET, BROOKLYN 11222",6,38,156,INDIA STREET,BROOKLYN,11222
MALINA NEALIS,"156 REAR INDIA STREET, BROOKLYN 11222",4,32,156,REAR INDIA STREET,BROOKLYN,11222
RALPH DIBENEDETTO,"105 3 PLACE, BROOKLYN 11231",8,253,105,3 PLACE,BROOKLYN,11231
RALPH DIBENEDETTO,"445 COURT STREET, BROOKLYN 11231",4,116,445,COURT STREET,BROOKLYN,11231
ZAHAVA KADOSH,"272 SHERMAN AVENUE, MANHATTAN 10034",60,266,272,SHERMAN AVENUE,MANHATTAN,10034
ZAHAVA KADOSH,"1551 ST NICHOLAS AVENUE, MANHATTAN 10040",39,102,1551,ST NICHOLAS AVENUE,MANHATTAN,10040
NAZILA BARDI,"405 ADELPHI STREET, BROOKLYN 11238",4,26,405,ADELPHI STREET,BROOKLYN,11238
NAZILA BARDI,"1490 BEDFORD AVENUE, BROOKLYN 11216",8,41,1490,BEDFORD AVENUE,BROOKLYN,11216
NAZILA BARDI,"405 CLERMONT AVENUE, BROOKLYN 11238",4,39,405,CLERMONT AVENUE,BROOKLYN,11238
NAZILA BARDI,"238 FLATBUSH AVENUE, BROOKLYN 11217",3,34,238,FLATBUSH AVENUE,BROOKLYN,11217
NAZILA BARDI,"1170 NOSTRAND AVENUE, BROOKLYN 11225",6,83,1170,NOSTRAND AVENUE,BROOKLYN,11225
NAZILA BARDI,"65 SOUTH PORTLAND AVENUE, BROOKLYN 11217",10,121,65,SOUTH PORTLAND AVENUE,BROOKLYN,11217
NAZILA BARDI,"907 GATES AVENUE, BROOKLYN 11221",3,22,907,GATES AVENUE,BROOKLYN,11221
JOSEPH EMILE,"1181 EASTERN PARKWAY, BROOKLYN 11213",16,91,1181,EASTERN PARKWAY,BROOKLYN,11213
JOSEPH EMILE,"1187 EASTERN PARKWAY, BROOKLYN 11213",16,107,1187,EASTERN PARKWAY,BROOKLYN,11213
JOSEPH EMILE,"318 ROCHESTER AVENUE, BROOKLYN 11213",35,165,318,ROCHESTER AVENUE,BROOKLYN,11213
GEORGE WANAT,"314 BEDFORD AVENUE, BROOKLYN 11249",34,190,314,BEDFORD AVENUE,BROOKLYN,11249
GEORGE WANAT,"750 DRIGGS AVENUE, BROOKLYN 11211",35,172,750,DRIGGS AVENUE,BROOKLYN,11211
CHAIM SCHWARTZ,"394 AMBOY STREET, BROOKLYN 11212",4,37,394,AMBOY STREET,BROOKLYN,11212
CHAIM SCHWARTZ,"2361 ATLANTIC AVENUE, BROOKLYN 11233",6,40,2361,ATLANTIC AVENUE,BROOKLYN,11233
CHAIM SCHWARTZ,"61 EAST 95 STREET, BROOKLYN 11212",4,41,61,EAST 95 STREET,BROOKLYN,11212
CHAIM SCHWARTZ,"1569 EAST NEW YORK AVENUE, BROOKLYN 11212",4,41,1569,EAST NEW YORK AVENUE,BROOKLYN,11212
CHAIM SCHWARTZ,"704 MILLER AVENUE, BROOKLYN 11207",6,33,704,MILLER AVENUE,BROOKLYN,11207
CHAIM SCHWARTZ,"1149 ST JOHNS PLACE, BROOKLYN 11213",8,55,1149,ST JOHNS PLACE,BROOKLYN,11213
CHAIM SCHWARTZ,"740 SUTTER AVENUE, BROOKLYN 11207",4,82,740,SUTTER AVENUE,BROOKLYN,11207
CHAIM SCHWARTZ,"1770 DEAN STREET, BROOKLYN 11233",3,32,1770,DEAN STREET,BROOKLYN,11233
MICHAEL KHODADADIAN,"2153 BELMONT AVENUE, BRONX 10457",3,57,2153,BELMONT AVENUE,BRONX,10457
MICHAEL KHODADADIAN,"1757 SEWARD AVENUE, BRONX 10473",5,89,1757,SEWARD AVENUE,BRONX,10473
MICHAEL KHODADADIAN,"553 SOUNDVIEW AVENUE, BRONX 10473",3,28,553,SOUNDVIEW AVENUE,BRONX,10473
MICHAEL KHODADADIAN,"278 CHAUNCEY STREET, BROOKLYN 11233",8,39,278,CHAUNCEY STREET,BROOKLYN,11233
MICHAEL KHODADADIAN,"307 EAST 54 STREET, BROOKLYN 11203",6,40,307,EAST 54 STREET,BROOKLYN,11203
MICHAEL KHODADADIAN,"487 EAST 93 STREET, BROOKLYN 11212",5,63,487,EAST 93 STREET,BROOKLYN,11212
MICHAEL KHODADADIAN,"289 EAST 94 STREET, BROOKLYN 11212",6,43,289,EAST 94 STREET,BROOKLYN,11212
RICHARD LAGANA,"331 EAST 14 STREET, MANHATTAN 10003",24,96,331,EAST 14 STREET,MANHATTAN,10003
RICHARD LAGANA,"440 WEST 45 STREET, MANHATTAN 10036",17,85,440,WEST 45 STREET,MANHATTAN,10036
RICHARD LAGANA,"410 WEST 46 STREET, MANHATTAN 10036",15,70,410,WEST 46 STREET,MANHATTAN,10036
RICHARD LAGANA,"412 WEST 46 STREET, MANHATTAN 10036",15,79,412,WEST 46 STREET,MANHATTAN,10036
RICHARD LAGANA,"63-36 WOODHAVEN BOULEVARD, QUEENS 11374",3,29,63-36,WOODHAVEN BOULEVARD,QUEENS,11374
JAY MILLER,"2535 GRAND CONCOURSE, BRONX 10468",40,120,2535,GRAND CONCOURSE,BRONX,10468
JAY MILLER,"835 CLARKSON AVENUE, BROOKLYN 11203",25,163,835,CLARKSON AVENUE,BROOKLYN,11203
JAY MILLER,"930 WINTHROP STREET, BROOKLYN 11203",15,74,930,WINTHROP STREET,BROOKLYN,11203
JACOB RUBIN,"349 CLIFTON PLACE, BROOKLYN 11216",8,65,349,CLIFTON PLACE,BROOKLYN,11216
JACOB RUBIN,"739 DE KALB AVENUE, BROOKLYN 11216",3,72,739,DE KALB AVENUE,BROOKLYN,11216
JACOB RUBIN,"893 LAFAYETTE AVENUE, BROOKLYN 11221",7,30,893,LAFAYETTE AVENUE,BROOKLYN,11221
JACOB RUBIN,"183 MAUJER STREET, BROOKLYN 11206",8,55,183,MAUJER STREET,BROOKLYN,11206
JACOB RUBIN,"680 MYRTLE AVENUE, BROOKLYN 11205",6,27,680,MYRTLE AVENUE,BROOKLYN,11205
JACOB RUBIN,"61 TEN EYCK STREET, BROOKLYN 11206",8,40,61,TEN EYCK STREET,BROOKLYN,11206
JACOB RUBIN,"1123 WILLOUGHBY AVENUE, BROOKLYN 11237",6,24,1123,WILLOUGHBY AVENUE,BROOKLYN,11237
JACOB RUBIN,"1125 WILLOUGHBY AVENUE, BROOKLYN 11237",6,36,1125,WILLOUGHBY AVENUE,BROOKLYN,11237
AVI DAVIES,"1621 ST NICHOLAS AVENUE, MANHATTAN 10040",39,93,1621,ST NICHOLAS AVENUE,MANHATTAN,10040
AVI DAVIES,"600 WEST 192 STREET, MANHATTAN 10040",39,123,600,WEST 192 STREET,MANHATTAN,10040
AVI DAVIES,"545 WEST 164 STREET, MANHATTAN 10032",51,128,545,WEST 164 STREET,MANHATTAN,10032
DAVID GREEN,"2414 EAST TREMONT AVENUE, BRONX 10461",43,117,2414,EAST TREMONT AVENUE,BRONX,10461
DAVID GREEN,"1701 EASTBURN AVENUE, BRONX 10457",48,122,1701,EASTBURN AVENUE,BRONX,10457
DAVID GREEN,"88 CLINTON AVENUE, BROOKLYN 11205",8,59,88,CLINTON AVENUE,BROOKLYN,11205
DAVID GREEN,"82 MARION STREET, BROOKLYN 11233",8,46,82,MARION STREET,BROOKLYN,11233
BITA SASSOUNI,"2037 1 AVENUE, MANHATTAN 10029",11,52,2037,1 AVENUE,MANHATTAN,10029
BITA SASSOUNI,"455 EAST 117 STREET, MANHATTAN 10035",10,49,455,EAST 117 STREET,MANHATTAN,10035
BITA SASSOUNI,"1624 MADISON AVENUE, MANHATTAN 10029",11,35,1624,MADISON AVENUE,MANHATTAN,10029
BITA SASSOUNI,"235 WEST 15 STREET, MANHATTAN 10011",16,118,235,WEST 15 STREET,MANHATTAN,10011
BITA SASSOUNI,"316 WEST 19 STREET, MANHATTAN 10011",10,48,316,WEST 19 STREET,MANHATTAN,10011
BITA SASSOUNI,"144 WEST 109 STREET, MANHATTAN 10025",15,41,144,WEST 109 STREET,MANHATTAN,10025
FELIX GOMEZ,"25 POST AVENUE, MANHATTAN 10034",49,140,25,POST AVENUE,MANHATTAN,10034
FELIX GOMEZ,"37 VERMILYEA AVENUE, MANHATTAN 10034",26,88,37,VERMILYEA AVENUE,MANHATTAN,10034
FELIX GOMEZ,"115 MC CLELLAN STREET, BRONX 10452",41,114,115,MC CLELLAN STREET,BRONX,10452
YON KIM,"1541 WESTCHESTER AVENUE, BRONX 10472",14,341,1541,WESTCHESTER AVENUE,BRONX,10472
ELAINE GORLECHEN,"168 8 AVENUE, MANHATTAN 10011",16,89,168,8 AVENUE,MANHATTAN,10011
ELAINE GORLECHEN,"170 8 AVENUE, MANHATTAN 10011",10,57,170,8 AVENUE,MANHATTAN,10011
ELAINE GORLECHEN,"206 9 AVENUE, MANHATTAN 10011",9,44,206,9 AVENUE,MANHATTAN,10011
ELAINE GORLECHEN,"317 GREENWICH STREET, MANHATTAN 10013",7,32,317,GREENWICH STREET,MANHATTAN,10013
ELAINE GORLECHEN,"278 WEST 19 STREET, MANHATTAN 10011",7,25,278,WEST 19 STREET,MANHATTAN,10011
ELAINE GORLECHEN,"360 WEST 23 STREET, MANHATTAN 10011",4,91,360,WEST 23 STREET,MANHATTAN,10011
ROBERT GERSHON,"455 FT WASHINGTON AVENUE, MANHATTAN 10033",30,171,455,FT WASHINGTON AVENUE,MANHATTAN,10033
ROBERT GERSHON,"461 FT WASHINGTON AVENUE, MANHATTAN 10033",33,165,461,FT WASHINGTON AVENUE,MANHATTAN,10033
ZALMEN WAGSCHAL,"4219 15 AVENUE, BROOKLYN 11219",11,96,4219,15 AVENUE,BROOKLYN,11219
ZALMEN WAGSCHAL,"119 ALBANY AVENUE, BROOKLYN 11213",7,43,119,ALBANY AVENUE,BROOKLYN,11213
ZALMEN WAGSCHAL,"365 SOUTH 4 STREET, BROOKLYN 11211",6,34,365,SOUTH 4 STREET,BROOKLYN,11211
ZALMEN WAGSCHAL,"1365 ST JOHNS PLACE, BROOKLYN 11213",8,123,1365,ST JOHNS PLACE,BROOKLYN,11213
ZALMEN WAGSCHAL,"1369 ST JOHNS PLACE, BROOKLYN 11213",8,40,1369,ST JOHNS PLACE,BROOKLYN,11213
BIG APPLE MGMT,"31 EAST 1 STREET, MANHATTAN 10003",21,74,31,EAST 1 STREET,MANHATTAN,10003
BIG APPLE MGMT,"328 WEST 47 STREET, MANHATTAN 10036",20,94,328,WEST 47 STREET,MANHATTAN,10036
BIG APPLE MGMT,"330 WEST 47 STREET, MANHATTAN 10036",5,39,330,WEST 47 STREET,MANHATTAN,10036
BIG APPLE MGMT,"412 WEST 49 STREET, MANHATTAN 10019",15,126,412,WEST 49 STREET,MANHATTAN,10019
DELIA JOHNSON,"128 HOPKINSON AVENUE, BROOKLYN 11233",3,205,128,HOPKINSON AVENUE,BROOKLYN,11233
DELIA JOHNSON,"30 MARCONI PLACE, BROOKLYN 11233",3,128,30,MARCONI PLACE,BROOKLYN,11233
ROBERT SEIDEN,"1963 AMSTERDAM AVENUE, MANHATTAN 10032",3,23,1963,AMSTERDAM AVENUE,MANHATTAN,10032
ROBERT SEIDEN,"3671 BROADWAY, MANHATTAN 10031",47,308,3671,BROADWAY,MANHATTAN,10031
NATHAN SILVERSTEIN,"5 CABRINI BOULEVARD, MANHATTAN 10033",34,123,5,CABRINI BOULEVARD,MANHATTAN,10033
NATHAN SILVERSTEIN,"90 PINEHURST AVENUE, MANHATTAN 10033",49,202,90,PINEHURST AVENUE,MANHATTAN,10033
NARSINH DESAI,"234 EAST GUN HILL ROAD, BRONX 10467",56,204,234,EAST GUN HILL ROAD,BRONX,10467
NARSINH DESAI,"3414 KNOX PLACE, BRONX 10467",36,118,3414,KNOX PLACE,BRONX,10467
ESTHER ROGERS,"3929 CARPENTER AVENUE, BRONX 10466",37,186,3929,CARPENTER AVENUE,BRONX,10466
ESTHER ROGERS,"4026 CARPENTER AVENUE, BRONX 10466",31,135,4026,CARPENTER AVENUE,BRONX,10466
ALAN DIXON,"49 EAST 126 STREET, MANHATTAN 10035",7,43,49,EAST 126 STREET,MANHATTAN,10035
ALAN DIXON,"87 WEST 119 STREET, MANHATTAN 10026",10,120,87,WEST 119 STREET,MANHATTAN,10026
ALAN DIXON,"452 WEST 141 STREET, MANHATTAN 10031",8,73,452,WEST 141 STREET,MANHATTAN,10031
ALAN DIXON,"454 WEST 141 STREET, MANHATTAN 10031",10,66,454,WEST 141 STREET,MANHATTAN,10031
ALAN DIXON,"170 SOUTH 4 STREET, BROOKLYN 11211",3,16,170,SOUTH 4 STREET,BROOKLYN,11211
BRIAN HODGE,"827 HALSEY STREET, BROOKLYN 11233",6,317,827,HALSEY STREET,BROOKLYN,11233
ARNOLD ANDERSON,"3550 HOLLAND AVENUE, BRONX 10467",4,315,3550,HOLLAND AVENUE,BRONX,10467
RAMIN SHALOM,"226 EAST 53 STREET, MANHATTAN 10022",16,122,226,EAST 53 STREET,MANHATTAN,10022
RAMIN SHALOM,"444 WEST 48 STREET, MANHATTAN 10036",30,160,444,WEST 48 STREET,MANHATTAN,10036
RAMIN SHALOM,"213 EAST 31 STREET, MANHATTAN 10016",8,33,213,EAST 31 STREET,MANHATTAN,10016
STEPHEN TOBIA,"2356 LORILLARD PLACE, BRONX 10458",31,313,2356,LORILLARD PLACE,BRONX,10458
JOEL KOHN,"1498 DE KALB AVENUE, BROOKLYN 11237",6,32,1498,DE KALB AVENUE,BROOKLYN,11237
JOEL KOHN,"571 LINCOLN PLACE, BROOKLYN 11238",6,25,571,LINCOLN PLACE,BROOKLYN,11238
JOEL KOHN,"1363 GREENE AVENUE, BROOKLYN 11237",6,46,1363,GREENE AVENUE,BROOKLYN,11237
JOEL KOHN,"1375 GREENE AVENUE, BROOKLYN 11237",5,20,1375,GREENE AVENUE,BROOKLYN,11237
JOEL KOHN,"237 JEFFERSON STREET, BROOKLYN 11237",5,22,237,JEFFERSON STREET,BROOKLYN,11237
JOEL KOHN,"1020 MANHATTAN AVENUE, BROOKLYN 11222",6,40,1020,MANHATTAN AVENUE,BROOKLYN,11222
JOEL KOHN,"126 MELROSE STREET, BROOKLYN 11206",6,21,126,MELROSE STREET,BROOKLYN,11206
JOEL KOHN,"383 MENAHAN STREET, BROOKLYN 11237",6,33,383,MENAHAN STREET,BROOKLYN,11237
JOEL KOHN,"252 STOCKHOLM STREET, BROOKLYN 11237",8,48,252,STOCKHOLM STREET,BROOKLYN,11237
JOEL KOHN,"1138 WILLOUGHBY AVENUE, BROOKLYN 11237",6,25,1138,WILLOUGHBY AVENUE,BROOKLYN,11237
YONATAN SPECTOR,"684 RIVERSIDE DRIVE, MANHATTAN 10031",37,103,684,RIVERSIDE DRIVE,MANHATTAN,10031
YONATAN SPECTOR,"115 CARLTON AVENUE, BROOKLYN 11205",6,44,115,CARLTON AVENUE,BROOKLYN,11205
YONATAN SPECTOR,"79 CLIFTON PLACE, BROOKLYN 11238",40,105,79,CLIFTON PLACE,BROOKLYN,11238
YONATAN SPECTOR,"946 FULTON STREET, BROOKLYN 11238",6,24,946,FULTON STREET,BROOKLYN,11238
YONATAN SPECTOR,"352 MYRTLE AVENUE, BROOKLYN 11205",5,35,352,MYRTLE AVENUE,BROOKLYN,11205
ALBEN SAGAN,"122 WEST 71 STREET, MANHATTAN 10023",10,84,122,WEST 71 STREET,MANHATTAN,10023
ALBEN SAGAN,"47 WEST 74 STREET, MANHATTAN 10023",10,85,47,WEST 74 STREET,MANHATTAN,10023
ALBEN SAGAN,"15 WEST 75 STREET, MANHATTAN 10023",41,138,15,WEST 75 STREET,MANHATTAN,10023
FRANK DOBBS,"150 EAST 110 STREET, MANHATTAN 10029",12,202,150,EAST 110 STREET,MANHATTAN,10029
FRANK DOBBS,"152 EAST 110 STREET, MANHATTAN 10029",8,105,152,EAST 110 STREET,MANHATTAN,10029
SURUJWATTIE JAIGOBIN,"454 BRADFORD STREET, BROOKLYN 11207",6,303,454,BRADFORD STREET,BROOKLYN,11207
RON NAHUM,"2710 FREDERICK DOUGLASS BOULEVARD, MANHATTAN 10030",26,132,2710,FREDERICK DOUGLASS BOULEVARD,MANHATTAN,10030
RON NAHUM,"84 NAGLE AVENUE, MANHATTAN 10040",5,41,84,NAGLE AVENUE,MANHATTAN,10040
RON NAHUM,"86 NAGLE AVENUE, MANHATTAN 10040",5,39,86,NAGLE AVENUE,MANHATTAN,10040
RON NAHUM,"88 NAGLE AVENUE, MANHATTAN 10040",5,63,88,NAGLE AVENUE,MANHATTAN,10040
RON NAHUM,"90 NAGLE AVENUE, MANHATTAN 10040",5,27,90,NAGLE AVENUE,MANHATTAN,10040
ROBERT RAPHAEL,"326 BLEECKER STREET, MANHATTAN 10014",3,25,326,BLEECKER STREET,MANHATTAN,10014
ROBERT RAPHAEL,"1229 HALSEY STREET, BROOKLYN 11237",8,40,1229,HALSEY STREET,BROOKLYN,11237
ROBERT RAPHAEL,"175 HAWTHORNE STREET, BROOKLYN 11225",67,194,175,HAWTHORNE STREET,BROOKLYN,11225
ROBERT RAPHAEL,"276 MARION STREET, BROOKLYN 11233",8,42,276,MARION STREET,BROOKLYN,11233
IRA EPSTEIN,"2249 EAST 21 STREET, BROOKLYN 11229",48,297,2249,EAST 21 STREET,BROOKLYN,11229
MARIA NOTIAS,"586 74 STREET, BROOKLYN 11209",9,42,586,74 STREET,BROOKLYN,11209
MARIA NOTIAS,"364 87 STREET, BROOKLYN 11209",16,83,364,87 STREET,BROOKLYN,11209
MARIA NOTIAS,"6823 RIDGE BOULEVARD, BROOKLYN 11220",20,115,6823,RIDGE BOULEVARD,BROOKLYN,11220
MARIA NOTIAS,"368 87 STREET, BROOKLYN 11209",16,51,368,87 STREET,BROOKLYN,11209
OLUFEMI FALADE,"478 JEROME STREET, BROOKLYN 11207",6,94,478,JEROME STREET,BROOKLYN,11207
OLUFEMI FALADE,"784 MAC DONOUGH STREET, BROOKLYN 11233",3,14,784,MAC DONOUGH STREET,BROOKLYN,11233
OLUFEMI FALADE,"1186 NOSTRAND AVENUE, BROOKLYN 11225",3,92,1186,NOSTRAND AVENUE,BROOKLYN,11225
OLUFEMI FALADE,"1835 PARK PLACE, BROOKLYN 11233",3,65,1835,PARK PLACE,BROOKLYN,11233
OLUFEMI FALADE,"159 ROGERS AVENUE, BROOKLYN 11216",4,26,159,ROGERS AVENUE,BROOKLYN,11216
ALEX ARASANYIN,"593 EUCLID AVENUE, BROOKLYN 11208",4,289,593,EUCLID AVENUE,BROOKLYN,11208
SIGMUND FREUND,"700 HANCOCK STREET, BROOKLYN 11233",6,111,700,HANCOCK STREET,BROOKLYN,11233
SIGMUND FREUND,"1031 MONTGOMERY STREET, BROOKLYN 11213",4,24,1031,MONTGOMERY STREET,BROOKLYN,11213
SIGMUND FREUND,"92 MALCOLM X BOULEVARD, BROOKLYN 11221",6,39,92,MALCOLM X BOULEVARD,BROOKLYN,11221
SIGMUND FREUND,"1300 STERLING PLACE, BROOKLYN 11213",6,36,1300,STERLING PLACE,BROOKLYN,11213
SIGMUND FREUND,"164 STUYVESANT AVENUE, BROOKLYN 11221",3,79,164,STUYVESANT AVENUE,BROOKLYN,11221
SERGIO SALCEDO,"100 COOPER STREET, BROOKLYN 11207",4,68,100,COOPER STREET,BROOKLYN,11207
SERGIO SALCEDO,"1298 HALSEY STREET, BROOKLYN 11237",6,218,1298,HALSEY STREET,BROOKLYN,11237
ROBERT FARHADIAN,"208 AVENUE A, MANHATTAN 10009",17,74,208,AVENUE A,MANHATTAN,10009
ROBERT FARHADIAN,"12 SPRING STREET, MANHATTAN 10012",10,69,12,SPRING STREET,MANHATTAN,10012
ROBERT FARHADIAN,"103 VERMILYEA AVENUE, MANHATTAN 10034",21,95,103,VERMILYEA AVENUE,MANHATTAN,10034
ROBERT FARHADIAN,"19 WEST 46 STREET, MANHATTAN 10036",3,45,19,WEST 46 STREET,MANHATTAN,10036
SARAH RUSSELL,"316 6 STREET, BROOKLYN 11215",8,74,316,6 STREET,BROOKLYN,11215
SARAH RUSSELL,"108 CENTRAL AVENUE, BROOKLYN 11206",14,39,108,CENTRAL AVENUE,BROOKLYN,11206
SARAH RUSSELL,"552 GRAND STREET, BROOKLYN 11211",6,37,552,GRAND STREET,BROOKLYN,11211
SARAH RUSSELL,"678 GRAND STREET, BROOKLYN 11211",6,30,678,GRAND STREET,BROOKLYN,11211
SARAH RUSSELL,"796 GRAND STREET, BROOKLYN 11211",5,75,796,GRAND STREET,BROOKLYN,11211
SARAH RUSSELL,"41 ST NICHOLAS AVENUE, BROOKLYN 11237",6,28,41,ST NICHOLAS AVENUE,BROOKLYN,11237
SHLOMO DENTI,"1324 CLAY AVENUE, BRONX 10456",3,95,1324,CLAY AVENUE,BRONX,10456
SHLOMO DENTI,"766 JACKSON AVENUE, BRONX 10456",3,97,766,JACKSON AVENUE,BRONX,10456
SHLOMO DENTI,"1456 LELAND AVENUE, BRONX 10460",4,68,1456,LELAND AVENUE,BRONX,10460
SHLOMO DENTI,"1731 VAN BUREN STREET, BRONX 10460",3,22,1731,VAN BUREN STREET,BRONX,10460
SAMUEL SUTTON,"621 WEST 142 STREET, MANHATTAN 10031",11,143,621,WEST 142 STREET,MANHATTAN,10031
SAMUEL SUTTON,"623 WEST 142 STREET, MANHATTAN 10031",10,138,623,WEST 142 STREET,MANHATTAN,10031
KHALIL SIKANDER,"1467 AMSTERDAM AVENUE, MANHATTAN 10027",28,107,1467,AMSTERDAM AVENUE,MANHATTAN,10027
KHALIL SIKANDER,"271 WEST 119 STREET, MANHATTAN 10026",13,96,271,WEST 119 STREET,MANHATTAN,10026
KHALIL SIKANDER,"503 WEST 47 STREET, MANHATTAN 10036",20,76,503,WEST 47 STREET,MANHATTAN,10036
MAX AZOULAY,"111 DOUGLASS STREET, BROOKLYN 11231",3,278,111,DOUGLASS STREET,BROOKLYN,11231
CHUNG LEE,"1739 AMSTERDAM AVENUE, MANHATTAN 10031",13,126,1739,AMSTERDAM AVENUE,MANHATTAN,10031
CHUNG LEE,"419 EAST 142 STREET, BRONX 10454",12,150,419,EAST 142 STREET,BRONX,10454
VASILIKI TROIANOS,"353 EAST MOSHOLU PARKWAY NORTH, BRONX 10467",26,124,353,EAST MOSHOLU PARKWAY NORTH,BRONX,10467
VASILIKI TROIANOS,"359 EAST MOSHOLU PARKWAY NORTH, BRONX 10467",21,79,359,EAST MOSHOLU PARKWAY NORTH,BRONX,10467
VASILIKI TROIANOS,"1965 WEBSTER AVENUE, BRONX 10457",11,72,1965,WEBSTER AVENUE,BRONX,10457
BENJAMIN ADEGBITE,"645 EAST 228 STREET, BRONX 10466",5,272,645,EAST 228 STREET,BRONX,10466
ELERY MITCHELL,"1464 FULTON STREET, BROOKLYN 11216",3,80,1464,FULTON STREET,BROOKLYN,11216
ELERY MITCHELL,"617A VANDERBILT AVENUE, BROOKLYN 11238",4,44,617A,VANDERBILT AVENUE,BROOKLYN,11238
ELERY MITCHELL,"1460 FULTON STREET, BROOKLYN 11216",6,148,1460,FULTON STREET,BROOKLYN,11216
